[{"welsh":"cynrychioli ","english":"to represent ","wordType":"v"},{"welsh":"sylweddoli","english":"to realise","wordType":"v"},{"welsh":"haniaethol","english":"abstract ","wordType":"other"},{"welsh":"paratois","english":"to prepare","wordType":"v"},{"welsh":"dramor","english":"abroad ","wordType":"other"},{"welsh":"cyhuddiad","english":"accusation","wordType":"nm"},{"welsh":"cyfrifon","english":"accounts ","wordType":"nm"},{"welsh":"damwain","english":"accident","wordType":"nf"},{"welsh":"dros","english":"across","wordType":"other"}]